begin;
truncate table public.livros cascade;
truncate table public.filtros_categoria cascade;
truncate table public.categorias cascade;
insert into public.categorias (id, route, label, description, emoji, color, bg_color, eyebrow_class, badge_class, sort_order, is_active) values ('educacao', 'educacao', 'Educação & Futuro', 'Ferramentas para transformar conhecimento em oportunidade. Apostilas para o ENEM, guias de carreira, finanças pessoais e currículo — tudo para abrir portas.', '🎓', '#065F46', '#D1FAE5', 'eyebrow-green', 'cat-label-edu', 0, true);
insert into public.categorias (id, route, label, description, emoji, color, bg_color, eyebrow_class, badge_class, sort_order, is_active) values ('literatura', 'literatura', 'Tesouros da Literatura', 'Os maiores clássicos da literatura brasileira e mundial em domínio público. Patrimônio cultural de toda a humanidade, agora acessível para todos.', '📚', '#1e40af', '#DBEAFE', 'eyebrow-navy', 'cat-label-lit', 1, true);
insert into public.categorias (id, route, label, description, emoji, color, bg_color, eyebrow_class, badge_class, sort_order, is_active) values ('ciencia', 'ciencia', 'Ciência e Tecnologia', 'Descobertas científicas, inovações tecnológicas e conhecimento que moldam o futuro. De biologia a física quântica, explore os mistérios do universo.', '🔬', '#1e40af', '#DBEAFE', 'eyebrow-blue', 'cat-label-ciencia', 2, true);
insert into public.categorias (id, route, label, description, emoji, color, bg_color, eyebrow_class, badge_class, sort_order, is_active) values ('historia', 'historia', 'História', 'Jornadas através do tempo que revelam as origens da humanidade. De civilizações antigas às guerras mundiais, compreenda como chegamos até aqui.', '🏛️', '#92400e', '#FEF3C7', 'eyebrow-brown', 'cat-label-historia', 3, true);
insert into public.categorias (id, route, label, description, emoji, color, bg_color, eyebrow_class, badge_class, sort_order, is_active) values ('sociais', 'sociais', 'Ciências Sociais', 'Estudos sobre sociedade, comportamento humano e instituições. Sociologia, economia, direito e antropologia para entender como funcionam as comunidades.', '👥', '#374151', '#F3F4F6', 'eyebrow-gray', 'cat-label-sociais', 4, true);
insert into public.categorias (id, route, label, description, emoji, color, bg_color, eyebrow_class, badge_class, sort_order, is_active) values ('arte', 'arte', 'Arte e Cultura', 'Expressões artísticas e manifestações culturais que enriquecem a alma humana. Pintura, música, teatro e tradições que conectam passado e presente.', '🎨', '#be185d', '#fce7f3', 'eyebrow-pink', 'cat-label-arte', 5, true);
insert into public.categorias (id, route, label, description, emoji, color, bg_color, eyebrow_class, badge_class, sort_order, is_active) values ('religiao', 'religiao', 'Religião', 'Textos sagrados, estudos teológicos e reflexões espirituais. Uma jornada de fé, ética e compreensão do divino através das grandes tradições religiosas.', '🙏', '#3730a3', '#e0e7ff', 'eyebrow-indigo', 'cat-label-religiao', 6, true);
insert into public.categorias (id, route, label, description, emoji, color, bg_color, eyebrow_class, badge_class, sort_order, is_active) values ('filosofia', 'filosofia', 'Filosofia & Pensamento', 'Obras que provocam reflexão, questionamento e expansão da mente. De clássicos da filosofia a ensaios contemporâneos sobre ética, política e existência.', '🧠', '#6D28D9', '#EDE9FE', 'eyebrow-purple', 'cat-label-fil', 7, true);
insert into public.filtros_categoria (category_id, label, sort_order) values ('educacao', 'ENEM', 0) on conflict (category_id, label) do update set sort_order = excluded.sort_order;
insert into public.filtros_categoria (category_id, label, sort_order) values ('educacao', 'Vestibular', 1) on conflict (category_id, label) do update set sort_order = excluded.sort_order;
insert into public.filtros_categoria (category_id, label, sort_order) values ('educacao', 'Finanças', 2) on conflict (category_id, label) do update set sort_order = excluded.sort_order;
insert into public.filtros_categoria (category_id, label, sort_order) values ('educacao', 'Currículo', 3) on conflict (category_id, label) do update set sort_order = excluded.sort_order;
insert into public.filtros_categoria (category_id, label, sort_order) values ('educacao', 'Idiomas', 4) on conflict (category_id, label) do update set sort_order = excluded.sort_order;
insert into public.filtros_categoria (category_id, label, sort_order) values ('literatura', 'Machado de Assis', 0) on conflict (category_id, label) do update set sort_order = excluded.sort_order;
insert into public.filtros_categoria (category_id, label, sort_order) values ('literatura', 'Modernismo', 1) on conflict (category_id, label) do update set sort_order = excluded.sort_order;
insert into public.filtros_categoria (category_id, label, sort_order) values ('literatura', 'Romantismo', 2) on conflict (category_id, label) do update set sort_order = excluded.sort_order;
insert into public.filtros_categoria (category_id, label, sort_order) values ('literatura', 'Realismo', 3) on conflict (category_id, label) do update set sort_order = excluded.sort_order;
insert into public.filtros_categoria (category_id, label, sort_order) values ('literatura', 'Poesia', 4) on conflict (category_id, label) do update set sort_order = excluded.sort_order;
insert into public.filtros_categoria (category_id, label, sort_order) values ('ciencia', 'Biologia', 0) on conflict (category_id, label) do update set sort_order = excluded.sort_order;
insert into public.filtros_categoria (category_id, label, sort_order) values ('ciencia', 'Física', 1) on conflict (category_id, label) do update set sort_order = excluded.sort_order;
insert into public.filtros_categoria (category_id, label, sort_order) values ('ciencia', 'Química', 2) on conflict (category_id, label) do update set sort_order = excluded.sort_order;
insert into public.filtros_categoria (category_id, label, sort_order) values ('ciencia', 'Tecnologia', 3) on conflict (category_id, label) do update set sort_order = excluded.sort_order;
insert into public.filtros_categoria (category_id, label, sort_order) values ('ciencia', 'Astronomia', 4) on conflict (category_id, label) do update set sort_order = excluded.sort_order;
insert into public.filtros_categoria (category_id, label, sort_order) values ('historia', 'História Antiga', 0) on conflict (category_id, label) do update set sort_order = excluded.sort_order;
insert into public.filtros_categoria (category_id, label, sort_order) values ('historia', 'Idade Média', 1) on conflict (category_id, label) do update set sort_order = excluded.sort_order;
insert into public.filtros_categoria (category_id, label, sort_order) values ('historia', 'Idade Moderna', 2) on conflict (category_id, label) do update set sort_order = excluded.sort_order;
insert into public.filtros_categoria (category_id, label, sort_order) values ('historia', 'História Brasileira', 3) on conflict (category_id, label) do update set sort_order = excluded.sort_order;
insert into public.filtros_categoria (category_id, label, sort_order) values ('historia', 'Guerras Mundiais', 4) on conflict (category_id, label) do update set sort_order = excluded.sort_order;
insert into public.filtros_categoria (category_id, label, sort_order) values ('sociais', 'Sociologia', 0) on conflict (category_id, label) do update set sort_order = excluded.sort_order;
insert into public.filtros_categoria (category_id, label, sort_order) values ('sociais', 'Economia', 1) on conflict (category_id, label) do update set sort_order = excluded.sort_order;
insert into public.filtros_categoria (category_id, label, sort_order) values ('sociais', 'Direito', 2) on conflict (category_id, label) do update set sort_order = excluded.sort_order;
insert into public.filtros_categoria (category_id, label, sort_order) values ('sociais', 'Antropologia', 3) on conflict (category_id, label) do update set sort_order = excluded.sort_order;
insert into public.filtros_categoria (category_id, label, sort_order) values ('sociais', 'Política', 4) on conflict (category_id, label) do update set sort_order = excluded.sort_order;
insert into public.filtros_categoria (category_id, label, sort_order) values ('arte', 'Artes Plásticas', 0) on conflict (category_id, label) do update set sort_order = excluded.sort_order;
insert into public.filtros_categoria (category_id, label, sort_order) values ('arte', 'Música', 1) on conflict (category_id, label) do update set sort_order = excluded.sort_order;
insert into public.filtros_categoria (category_id, label, sort_order) values ('arte', 'Teatro', 2) on conflict (category_id, label) do update set sort_order = excluded.sort_order;
insert into public.filtros_categoria (category_id, label, sort_order) values ('arte', 'Cinema', 3) on conflict (category_id, label) do update set sort_order = excluded.sort_order;
insert into public.filtros_categoria (category_id, label, sort_order) values ('arte', 'Literatura', 4) on conflict (category_id, label) do update set sort_order = excluded.sort_order;
insert into public.filtros_categoria (category_id, label, sort_order) values ('religiao', 'Cristianismo', 0) on conflict (category_id, label) do update set sort_order = excluded.sort_order;
insert into public.filtros_categoria (category_id, label, sort_order) values ('religiao', 'Islamismo', 1) on conflict (category_id, label) do update set sort_order = excluded.sort_order;
insert into public.filtros_categoria (category_id, label, sort_order) values ('religiao', 'Judaísmo', 2) on conflict (category_id, label) do update set sort_order = excluded.sort_order;
insert into public.filtros_categoria (category_id, label, sort_order) values ('religiao', 'Budismo', 3) on conflict (category_id, label) do update set sort_order = excluded.sort_order;
insert into public.filtros_categoria (category_id, label, sort_order) values ('religiao', 'Filosofia Religiosa', 4) on conflict (category_id, label) do update set sort_order = excluded.sort_order;
insert into public.filtros_categoria (category_id, label, sort_order) values ('filosofia', 'Filosofia Clássica', 0) on conflict (category_id, label) do update set sort_order = excluded.sort_order;
insert into public.filtros_categoria (category_id, label, sort_order) values ('filosofia', 'Filosofia Moderna', 1) on conflict (category_id, label) do update set sort_order = excluded.sort_order;
insert into public.filtros_categoria (category_id, label, sort_order) values ('filosofia', 'Ética', 2) on conflict (category_id, label) do update set sort_order = excluded.sort_order;
insert into public.filtros_categoria (category_id, label, sort_order) values ('filosofia', 'Política', 3) on conflict (category_id, label) do update set sort_order = excluded.sort_order;
insert into public.filtros_categoria (category_id, label, sort_order) values ('filosofia', 'Existencialismo', 4) on conflict (category_id, label) do update set sort_order = excluded.sort_order;
insert into public.livros (id, category_id, filter_id, title, author, summary, cover_url, cover_emoji, badge, file_size_label, external_url, pdf_url, epub_url, is_free, is_featured, featured_rank, estimated_pages, is_active) values ('e1', 'educacao', (select id from public.filtros_categoria where category_id = 'educacao' and label = 'ENEM'), 'Matemática Completa para o ENEM', 'Equipe LeiturAção', 'Do básico ao avançado: todo o conteúdo cobrado nas edições do ENEM com questões comentadas.', 'https://www.gutenberg.org/cache/epub/52782/images/cover.jpg', '📐', 'free', '4.2MB', 'https://www.gutenberg.org/ebooks/689.epub3', null, null, true, false, null, null, true) on conflict (id) do update set category_id = excluded.category_id, filter_id = excluded.filter_id, title = excluded.title, author = excluded.author, summary = excluded.summary, cover_url = excluded.cover_url, cover_emoji = excluded.cover_emoji, badge = excluded.badge, file_size_label = excluded.file_size_label, external_url = excluded.external_url, pdf_url = excluded.pdf_url, is_featured = excluded.is_featured, featured_rank = excluded.featured_rank, estimated_pages = excluded.estimated_pages, is_active = excluded.is_active;
insert into public.livros (id, category_id, filter_id, title, author, summary, cover_url, cover_emoji, badge, file_size_label, external_url, pdf_url, epub_url, is_free, is_featured, featured_rank, estimated_pages, is_active) values ('e2', 'educacao', (select id from public.filtros_categoria where category_id = 'educacao' and label = 'ENEM'), 'Biologia & Ecossistemas', 'Profa. Carla Mendes', 'Células, genética, ecologia e evolução com linguagem simples e ilustrações didáticas.', null, '🧬', 'free', '3.8MB', null, null, null, true, false, null, null, true) on conflict (id) do update set category_id = excluded.category_id, filter_id = excluded.filter_id, title = excluded.title, author = excluded.author, summary = excluded.summary, cover_url = excluded.cover_url, cover_emoji = excluded.cover_emoji, badge = excluded.badge, file_size_label = excluded.file_size_label, external_url = excluded.external_url, pdf_url = excluded.pdf_url, is_featured = excluded.is_featured, featured_rank = excluded.featured_rank, estimated_pages = excluded.estimated_pages, is_active = excluded.is_active;
insert into public.livros (id, category_id, filter_id, title, author, summary, cover_url, cover_emoji, badge, file_size_label, external_url, pdf_url, epub_url, is_free, is_featured, featured_rank, estimated_pages, is_active) values ('e3', 'educacao', (select id from public.filtros_categoria where category_id = 'educacao' and label = 'Vestibular'), 'Redação Nota 1000', 'Prof. Marcos Lima', 'Metodologia completa de redação dissertativa com temas, repertórios e correções reais.', null, '📝', 'free', '2.1MB', null, null, null, true, true, 2, null, true) on conflict (id) do update set category_id = excluded.category_id, filter_id = excluded.filter_id, title = excluded.title, author = excluded.author, summary = excluded.summary, cover_url = excluded.cover_url, cover_emoji = excluded.cover_emoji, badge = excluded.badge, file_size_label = excluded.file_size_label, external_url = excluded.external_url, pdf_url = excluded.pdf_url, is_featured = excluded.is_featured, featured_rank = excluded.featured_rank, estimated_pages = excluded.estimated_pages, is_active = excluded.is_active;
insert into public.livros (id, category_id, filter_id, title, author, summary, cover_url, cover_emoji, badge, file_size_label, external_url, pdf_url, epub_url, is_free, is_featured, featured_rank, estimated_pages, is_active) values ('e4', 'educacao', (select id from public.filtros_categoria where category_id = 'educacao' and label = 'Finanças'), 'Finanças para a Vida', 'Ana Paula Rocha', 'Como organizar orçamento, sair das dívidas e começar a investir com pouco dinheiro.', null, '💰', 'free', '1.9MB', null, null, null, true, false, null, null, true) on conflict (id) do update set category_id = excluded.category_id, filter_id = excluded.filter_id, title = excluded.title, author = excluded.author, summary = excluded.summary, cover_url = excluded.cover_url, cover_emoji = excluded.cover_emoji, badge = excluded.badge, file_size_label = excluded.file_size_label, external_url = excluded.external_url, pdf_url = excluded.pdf_url, is_featured = excluded.is_featured, featured_rank = excluded.featured_rank, estimated_pages = excluded.estimated_pages, is_active = excluded.is_active;
insert into public.livros (id, category_id, filter_id, title, author, summary, cover_url, cover_emoji, badge, file_size_label, external_url, pdf_url, epub_url, is_free, is_featured, featured_rank, estimated_pages, is_active) values ('e5', 'educacao', (select id from public.filtros_categoria where category_id = 'educacao' and label = 'Currículo'), 'Meu Primeiro Currículo', 'Coletivo Oportunidade', 'Guia passo a passo para criar um currículo profissional mesmo sem experiência formal.', null, '📄', 'new', '0.9MB', null, null, null, true, false, null, null, true) on conflict (id) do update set category_id = excluded.category_id, filter_id = excluded.filter_id, title = excluded.title, author = excluded.author, summary = excluded.summary, cover_url = excluded.cover_url, cover_emoji = excluded.cover_emoji, badge = excluded.badge, file_size_label = excluded.file_size_label, external_url = excluded.external_url, pdf_url = excluded.pdf_url, is_featured = excluded.is_featured, featured_rank = excluded.featured_rank, estimated_pages = excluded.estimated_pages, is_active = excluded.is_active;
insert into public.livros (id, category_id, filter_id, title, author, summary, cover_url, cover_emoji, badge, file_size_label, external_url, pdf_url, epub_url, is_free, is_featured, featured_rank, estimated_pages, is_active) values ('e6', 'educacao', (select id from public.filtros_categoria where category_id = 'educacao' and label = 'Idiomas'), 'Inglês do Zero', 'Fernanda Costa', 'Vocabulário essencial, gramática básica e frases para o cotidiano e entrevistas de emprego.', null, '🌐', 'free', '3.2MB', null, null, null, true, false, null, null, true) on conflict (id) do update set category_id = excluded.category_id, filter_id = excluded.filter_id, title = excluded.title, author = excluded.author, summary = excluded.summary, cover_url = excluded.cover_url, cover_emoji = excluded.cover_emoji, badge = excluded.badge, file_size_label = excluded.file_size_label, external_url = excluded.external_url, pdf_url = excluded.pdf_url, is_featured = excluded.is_featured, featured_rank = excluded.featured_rank, estimated_pages = excluded.estimated_pages, is_active = excluded.is_active;
insert into public.livros (id, category_id, filter_id, title, author, summary, cover_url, cover_emoji, badge, file_size_label, external_url, pdf_url, epub_url, is_free, is_featured, featured_rank, estimated_pages, is_active) values ('e7', 'educacao', (select id from public.filtros_categoria where category_id = 'educacao' and label = 'ENEM'), 'Química Descomplicada', 'Prof. Henrique Saul', 'Tabela periódica, reações e estequiometria com exemplos do dia a dia.', null, '⚗️', 'free', '3.5MB', null, null, null, true, false, null, null, true) on conflict (id) do update set category_id = excluded.category_id, filter_id = excluded.filter_id, title = excluded.title, author = excluded.author, summary = excluded.summary, cover_url = excluded.cover_url, cover_emoji = excluded.cover_emoji, badge = excluded.badge, file_size_label = excluded.file_size_label, external_url = excluded.external_url, pdf_url = excluded.pdf_url, is_featured = excluded.is_featured, featured_rank = excluded.featured_rank, estimated_pages = excluded.estimated_pages, is_active = excluded.is_active;
insert into public.livros (id, category_id, filter_id, title, author, summary, cover_url, cover_emoji, badge, file_size_label, external_url, pdf_url, epub_url, is_free, is_featured, featured_rank, estimated_pages, is_active) values ('e8', 'educacao', (select id from public.filtros_categoria where category_id = 'educacao' and label = 'Vestibular'), 'História do Brasil: Síntese', 'Equipe Pedagógica', 'De Cabral ao século XXI — cronologia completa com análise crítica para vestibulares.', null, '🌍', 'free', '2.8MB', null, null, null, true, false, null, null, true) on conflict (id) do update set category_id = excluded.category_id, filter_id = excluded.filter_id, title = excluded.title, author = excluded.author, summary = excluded.summary, cover_url = excluded.cover_url, cover_emoji = excluded.cover_emoji, badge = excluded.badge, file_size_label = excluded.file_size_label, external_url = excluded.external_url, pdf_url = excluded.pdf_url, is_featured = excluded.is_featured, featured_rank = excluded.featured_rank, estimated_pages = excluded.estimated_pages, is_active = excluded.is_active;
insert into public.livros (id, category_id, filter_id, title, author, summary, cover_url, cover_emoji, badge, file_size_label, external_url, pdf_url, epub_url, is_free, is_featured, featured_rank, estimated_pages, is_active) values ('l1', 'literatura', (select id from public.filtros_categoria where category_id = 'literatura' and label = 'Machado de Assis'), 'Dom Casmurro', 'Machado de Assis', 'O ciúme de Bentinho e a ambiguidade de Capitu num dos maiores romances da língua portuguesa.', null, '📖', 'free', '1.2MB', 'https://www.gutenberg.org/ebooks/55988.epub3', null, null, true, true, 1, 256, true) on conflict (id) do update set category_id = excluded.category_id, filter_id = excluded.filter_id, title = excluded.title, author = excluded.author, summary = excluded.summary, cover_url = excluded.cover_url, cover_emoji = excluded.cover_emoji, badge = excluded.badge, file_size_label = excluded.file_size_label, external_url = excluded.external_url, pdf_url = excluded.pdf_url, is_featured = excluded.is_featured, featured_rank = excluded.featured_rank, estimated_pages = excluded.estimated_pages, is_active = excluded.is_active;
insert into public.livros (id, category_id, filter_id, title, author, summary, cover_url, cover_emoji, badge, file_size_label, external_url, pdf_url, epub_url, is_free, is_featured, featured_rank, estimated_pages, is_active) values ('l2', 'literatura', (select id from public.filtros_categoria where category_id = 'literatura' and label = 'Realismo'), 'O Cortiço', 'Aluísio Azevedo', 'Retrato cru da vida nas habitações coletivas do Rio de Janeiro do século XIX.', null, '🏚️', 'free', '1.4MB', 'https://www.gutenberg.org/ebooks/57666.epub3', null, null, true, false, null, 320, true) on conflict (id) do update set category_id = excluded.category_id, filter_id = excluded.filter_id, title = excluded.title, author = excluded.author, summary = excluded.summary, cover_url = excluded.cover_url, cover_emoji = excluded.cover_emoji, badge = excluded.badge, file_size_label = excluded.file_size_label, external_url = excluded.external_url, pdf_url = excluded.pdf_url, is_featured = excluded.is_featured, featured_rank = excluded.featured_rank, estimated_pages = excluded.estimated_pages, is_active = excluded.is_active;
insert into public.livros (id, category_id, filter_id, title, author, summary, cover_url, cover_emoji, badge, file_size_label, external_url, pdf_url, epub_url, is_free, is_featured, featured_rank, estimated_pages, is_active) values ('l3', 'literatura', (select id from public.filtros_categoria where category_id = 'literatura' and label = 'Romantismo'), 'Iracema', 'José de Alencar', 'A lenda da origem do Ceará na história de amor entre a índia Iracema e o guerreiro Martim.', null, '🌿', 'free', '0.9MB', 'https://www.gutenberg.org/ebooks/50606.epub3', null, null, true, false, null, 180, true) on conflict (id) do update set category_id = excluded.category_id, filter_id = excluded.filter_id, title = excluded.title, author = excluded.author, summary = excluded.summary, cover_url = excluded.cover_url, cover_emoji = excluded.cover_emoji, badge = excluded.badge, file_size_label = excluded.file_size_label, external_url = excluded.external_url, pdf_url = excluded.pdf_url, is_featured = excluded.is_featured, featured_rank = excluded.featured_rank, estimated_pages = excluded.estimated_pages, is_active = excluded.is_active;
insert into public.livros (id, category_id, filter_id, title, author, summary, cover_url, cover_emoji, badge, file_size_label, external_url, pdf_url, epub_url, is_free, is_featured, featured_rank, estimated_pages, is_active) values ('l4', 'literatura', (select id from public.filtros_categoria where category_id = 'literatura' and label = 'Machado de Assis'), 'Memórias Póstumas de Brás Cubas', 'Machado de Assis', 'Romance narrado por um defunto autor, revolucionário na ironia e na crítica social.', null, '💀', 'free', '1.3MB', 'https://www.gutenberg.org/ebooks/6821.epub3', null, null, true, false, null, 200, true) on conflict (id) do update set category_id = excluded.category_id, filter_id = excluded.filter_id, title = excluded.title, author = excluded.author, summary = excluded.summary, cover_url = excluded.cover_url, cover_emoji = excluded.cover_emoji, badge = excluded.badge, file_size_label = excluded.file_size_label, external_url = excluded.external_url, pdf_url = excluded.pdf_url, is_featured = excluded.is_featured, featured_rank = excluded.featured_rank, estimated_pages = excluded.estimated_pages, is_active = excluded.is_active;
insert into public.livros (id, category_id, filter_id, title, author, summary, cover_url, cover_emoji, badge, file_size_label, external_url, pdf_url, epub_url, is_free, is_featured, featured_rank, estimated_pages, is_active) values ('l5', 'literatura', (select id from public.filtros_categoria where category_id = 'literatura' and label = 'Modernismo'), 'Grande Sertão: Veredas', 'João Guimarães Rosa', 'A travessia de Riobaldo pelos sertões de Minas numa obra fundadora da modernidade brasileira.', null, '🌵', 'free', '2.1MB', null, null, null, true, false, null, 200, true) on conflict (id) do update set category_id = excluded.category_id, filter_id = excluded.filter_id, title = excluded.title, author = excluded.author, summary = excluded.summary, cover_url = excluded.cover_url, cover_emoji = excluded.cover_emoji, badge = excluded.badge, file_size_label = excluded.file_size_label, external_url = excluded.external_url, pdf_url = excluded.pdf_url, is_featured = excluded.is_featured, featured_rank = excluded.featured_rank, estimated_pages = excluded.estimated_pages, is_active = excluded.is_active;
insert into public.livros (id, category_id, filter_id, title, author, summary, cover_url, cover_emoji, badge, file_size_label, external_url, pdf_url, epub_url, is_free, is_featured, featured_rank, estimated_pages, is_active) values ('l6', 'literatura', (select id from public.filtros_categoria where category_id = 'literatura' and label = 'Modernismo'), 'A Hora da Estrela', 'Clarice Lispector', 'Macabéa, nordestina perdida no Rio, e a incapacidade de viver. Obra-prima do existencialismo.', null, '⭐', 'free', '0.8MB', null, null, null, true, false, null, 200, true) on conflict (id) do update set category_id = excluded.category_id, filter_id = excluded.filter_id, title = excluded.title, author = excluded.author, summary = excluded.summary, cover_url = excluded.cover_url, cover_emoji = excluded.cover_emoji, badge = excluded.badge, file_size_label = excluded.file_size_label, external_url = excluded.external_url, pdf_url = excluded.pdf_url, is_featured = excluded.is_featured, featured_rank = excluded.featured_rank, estimated_pages = excluded.estimated_pages, is_active = excluded.is_active;
insert into public.livros (id, category_id, filter_id, title, author, summary, cover_url, cover_emoji, badge, file_size_label, external_url, pdf_url, epub_url, is_free, is_featured, featured_rank, estimated_pages, is_active) values ('l7', 'literatura', (select id from public.filtros_categoria where category_id = 'literatura' and label = 'Machado de Assis'), 'Quincas Borba', 'Machado de Assis', 'O humanitismo e a loucura de Rubião numa sátira perfeita à filosofia e à ambição.', null, '🐶', 'free', '1.1MB', null, null, null, true, false, null, 200, true) on conflict (id) do update set category_id = excluded.category_id, filter_id = excluded.filter_id, title = excluded.title, author = excluded.author, summary = excluded.summary, cover_url = excluded.cover_url, cover_emoji = excluded.cover_emoji, badge = excluded.badge, file_size_label = excluded.file_size_label, external_url = excluded.external_url, pdf_url = excluded.pdf_url, is_featured = excluded.is_featured, featured_rank = excluded.featured_rank, estimated_pages = excluded.estimated_pages, is_active = excluded.is_active;
insert into public.livros (id, category_id, filter_id, title, author, summary, cover_url, cover_emoji, badge, file_size_label, external_url, pdf_url, epub_url, is_free, is_featured, featured_rank, estimated_pages, is_active) values ('l8', 'literatura', (select id from public.filtros_categoria where category_id = 'literatura' and label = 'Realismo'), 'Vidas Secas', 'Graciliano Ramos', 'A seca e o êxodo da família de Fabiano, numa das mais tocantes narrativas brasileiras.', null, '☀️', 'free', '0.7MB', null, null, null, true, false, null, 200, true) on conflict (id) do update set category_id = excluded.category_id, filter_id = excluded.filter_id, title = excluded.title, author = excluded.author, summary = excluded.summary, cover_url = excluded.cover_url, cover_emoji = excluded.cover_emoji, badge = excluded.badge, file_size_label = excluded.file_size_label, external_url = excluded.external_url, pdf_url = excluded.pdf_url, is_featured = excluded.is_featured, featured_rank = excluded.featured_rank, estimated_pages = excluded.estimated_pages, is_active = excluded.is_active;
insert into public.livros (id, category_id, filter_id, title, author, summary, cover_url, cover_emoji, badge, file_size_label, external_url, pdf_url, epub_url, is_free, is_featured, featured_rank, estimated_pages, is_active) values ('c1', 'ciencia', (select id from public.filtros_categoria where category_id = 'ciencia' and label = 'Biologia'), 'A Origem das Espécies', 'Charles Darwin', 'A obra fundamental da biologia moderna que revolucionou nossa compreensão da evolução e da diversidade da vida na Terra.', 'https://images.unsplash.com/photo-1532094349884-543bc11b234d?w=300&h=400&fit=crop', '🧬', 'free', '3.8MB', 'https://www.gutenberg.org/files/1228/1228-h/1228-h.htm', null, null, true, false, null, null, true) on conflict (id) do update set category_id = excluded.category_id, filter_id = excluded.filter_id, title = excluded.title, author = excluded.author, summary = excluded.summary, cover_url = excluded.cover_url, cover_emoji = excluded.cover_emoji, badge = excluded.badge, file_size_label = excluded.file_size_label, external_url = excluded.external_url, pdf_url = excluded.pdf_url, is_featured = excluded.is_featured, featured_rank = excluded.featured_rank, estimated_pages = excluded.estimated_pages, is_active = excluded.is_active;
insert into public.livros (id, category_id, filter_id, title, author, summary, cover_url, cover_emoji, badge, file_size_label, external_url, pdf_url, epub_url, is_free, is_featured, featured_rank, estimated_pages, is_active) values ('c2', 'ciencia', (select id from public.filtros_categoria where category_id = 'ciencia' and label = 'Física'), 'Uma Breve História do Tempo', 'Stephen Hawking', 'Uma jornada fascinante através do universo, desde o Big Bang até os buracos negros, explicada de forma acessível.', 'https://images.unsplash.com/photo-1446776653964-20c1d3a81b06?w=300&h=400&fit=crop', '🌌', 'free', '2.1MB', 'https://gutendex.com/books/1', null, null, true, false, null, null, true) on conflict (id) do update set category_id = excluded.category_id, filter_id = excluded.filter_id, title = excluded.title, author = excluded.author, summary = excluded.summary, cover_url = excluded.cover_url, cover_emoji = excluded.cover_emoji, badge = excluded.badge, file_size_label = excluded.file_size_label, external_url = excluded.external_url, pdf_url = excluded.pdf_url, is_featured = excluded.is_featured, featured_rank = excluded.featured_rank, estimated_pages = excluded.estimated_pages, is_active = excluded.is_active;
insert into public.livros (id, category_id, filter_id, title, author, summary, cover_url, cover_emoji, badge, file_size_label, external_url, pdf_url, epub_url, is_free, is_featured, featured_rank, estimated_pages, is_active) values ('c3', 'ciencia', (select id from public.filtros_categoria where category_id = 'ciencia' and label = 'Biologia'), 'O Gene Egoísta', 'Richard Dawkins', 'Uma exploração revolucionária da teoria da evolução através da perspectiva dos genes e sua influência no comportamento.', 'https://images.unsplash.com/photo-1576086213369-97a306d36557?w=300&h=400&fit=crop', '🧬', 'free', '2.9MB', 'https://gutendex.com/books/2', null, null, true, false, null, null, true) on conflict (id) do update set category_id = excluded.category_id, filter_id = excluded.filter_id, title = excluded.title, author = excluded.author, summary = excluded.summary, cover_url = excluded.cover_url, cover_emoji = excluded.cover_emoji, badge = excluded.badge, file_size_label = excluded.file_size_label, external_url = excluded.external_url, pdf_url = excluded.pdf_url, is_featured = excluded.is_featured, featured_rank = excluded.featured_rank, estimated_pages = excluded.estimated_pages, is_active = excluded.is_active;
insert into public.livros (id, category_id, filter_id, title, author, summary, cover_url, cover_emoji, badge, file_size_label, external_url, pdf_url, epub_url, is_free, is_featured, featured_rank, estimated_pages, is_active) values ('h1', 'historia', (select id from public.filtros_categoria where category_id = 'historia' and label = 'História Antiga'), 'A História do Mundo Antigo', 'Eduardo Bueno', 'Uma narrativa envolvente sobre as civilizações antigas, desde os primeiros hominídeos até o Império Romano.', 'https://images.unsplash.com/photo-1461360228754-6e81c478b882?w=300&h=400&fit=crop', '🏛️', 'free', '4.2MB', 'https://gutendex.com/books/1', null, null, true, false, null, null, true) on conflict (id) do update set category_id = excluded.category_id, filter_id = excluded.filter_id, title = excluded.title, author = excluded.author, summary = excluded.summary, cover_url = excluded.cover_url, cover_emoji = excluded.cover_emoji, badge = excluded.badge, file_size_label = excluded.file_size_label, external_url = excluded.external_url, pdf_url = excluded.pdf_url, is_featured = excluded.is_featured, featured_rank = excluded.featured_rank, estimated_pages = excluded.estimated_pages, is_active = excluded.is_active;
insert into public.livros (id, category_id, filter_id, title, author, summary, cover_url, cover_emoji, badge, file_size_label, external_url, pdf_url, epub_url, is_free, is_featured, featured_rank, estimated_pages, is_active) values ('h2', 'historia', null, 'Brasil: Uma História', 'Lilia Schwarcz e Heloisa Starling', 'Uma história completa do Brasil, desde os povos indígenas até os dias atuais, com uma abordagem crítica e atual.', 'https://images.unsplash.com/photo-1483729558449-99ef09a8c325?w=300&h=400&fit=crop', '🇧🇷', 'free', '5.1MB', 'https://gutendex.com/books/2', null, null, true, false, null, null, true) on conflict (id) do update set category_id = excluded.category_id, filter_id = excluded.filter_id, title = excluded.title, author = excluded.author, summary = excluded.summary, cover_url = excluded.cover_url, cover_emoji = excluded.cover_emoji, badge = excluded.badge, file_size_label = excluded.file_size_label, external_url = excluded.external_url, pdf_url = excluded.pdf_url, is_featured = excluded.is_featured, featured_rank = excluded.featured_rank, estimated_pages = excluded.estimated_pages, is_active = excluded.is_active;
insert into public.livros (id, category_id, filter_id, title, author, summary, cover_url, cover_emoji, badge, file_size_label, external_url, pdf_url, epub_url, is_free, is_featured, featured_rank, estimated_pages, is_active) values ('h3', 'historia', null, 'A Segunda Guerra Mundial', 'Antony Beevor', 'Um relato detalhado e imparcial da maior guerra da história da humanidade, com foco nos aspectos humanos e estratégicos.', 'https://images.unsplash.com/photo-1578662996442-48f60103fc96?w=300&h=400&fit=crop', '⚔️', 'free', '3.8MB', 'https://gutendex.com/books/3', null, null, true, false, null, null, true) on conflict (id) do update set category_id = excluded.category_id, filter_id = excluded.filter_id, title = excluded.title, author = excluded.author, summary = excluded.summary, cover_url = excluded.cover_url, cover_emoji = excluded.cover_emoji, badge = excluded.badge, file_size_label = excluded.file_size_label, external_url = excluded.external_url, pdf_url = excluded.pdf_url, is_featured = excluded.is_featured, featured_rank = excluded.featured_rank, estimated_pages = excluded.estimated_pages, is_active = excluded.is_active;
insert into public.livros (id, category_id, filter_id, title, author, summary, cover_url, cover_emoji, badge, file_size_label, external_url, pdf_url, epub_url, is_free, is_featured, featured_rank, estimated_pages, is_active) values ('s1', 'sociais', (select id from public.filtros_categoria where category_id = 'sociais' and label = 'Sociologia'), 'Sociologia Básica', 'Marcos César Alvarez', 'Introdução aos conceitos fundamentais da sociologia, com exemplos brasileiros e discussões sobre a sociedade contemporânea.', 'https://images.unsplash.com/photo-1559757148-5c350d0d3c56?w=300&h=400&fit=crop', '👥', 'free', '2.8MB', 'https://gutendex.com/books/1', null, null, true, false, null, null, true) on conflict (id) do update set category_id = excluded.category_id, filter_id = excluded.filter_id, title = excluded.title, author = excluded.author, summary = excluded.summary, cover_url = excluded.cover_url, cover_emoji = excluded.cover_emoji, badge = excluded.badge, file_size_label = excluded.file_size_label, external_url = excluded.external_url, pdf_url = excluded.pdf_url, is_featured = excluded.is_featured, featured_rank = excluded.featured_rank, estimated_pages = excluded.estimated_pages, is_active = excluded.is_active;
insert into public.livros (id, category_id, filter_id, title, author, summary, cover_url, cover_emoji, badge, file_size_label, external_url, pdf_url, epub_url, is_free, is_featured, featured_rank, estimated_pages, is_active) values ('s2', 'sociais', (select id from public.filtros_categoria where category_id = 'sociais' and label = 'Economia'), 'Introdução à Economia', 'Paul Krugman e Robin Wells', 'Uma abordagem moderna e acessível aos princípios da economia, com aplicações práticas para o mundo real.', 'https://images.unsplash.com/photo-1611974789855-9c2a0a7236a3?w=300&h=400&fit=crop', '📊', 'free', '4.1MB', 'https://gutendex.com/books/2', null, null, true, false, null, null, true) on conflict (id) do update set category_id = excluded.category_id, filter_id = excluded.filter_id, title = excluded.title, author = excluded.author, summary = excluded.summary, cover_url = excluded.cover_url, cover_emoji = excluded.cover_emoji, badge = excluded.badge, file_size_label = excluded.file_size_label, external_url = excluded.external_url, pdf_url = excluded.pdf_url, is_featured = excluded.is_featured, featured_rank = excluded.featured_rank, estimated_pages = excluded.estimated_pages, is_active = excluded.is_active;
insert into public.livros (id, category_id, filter_id, title, author, summary, cover_url, cover_emoji, badge, file_size_label, external_url, pdf_url, epub_url, is_free, is_featured, featured_rank, estimated_pages, is_active) values ('s3', 'sociais', (select id from public.filtros_categoria where category_id = 'sociais' and label = 'Direito'), 'Direito Constitucional', 'Gilmar Mendes', 'Análise profunda da Constituição Federal brasileira, seus princípios fundamentais e aplicações práticas.', 'https://images.unsplash.com/photo-1589829545856-d10d557cf95f?w=300&h=400&fit=crop', '⚖️', 'free', '3.5MB', 'https://gutendex.com/books/3', null, null, true, false, null, null, true) on conflict (id) do update set category_id = excluded.category_id, filter_id = excluded.filter_id, title = excluded.title, author = excluded.author, summary = excluded.summary, cover_url = excluded.cover_url, cover_emoji = excluded.cover_emoji, badge = excluded.badge, file_size_label = excluded.file_size_label, external_url = excluded.external_url, pdf_url = excluded.pdf_url, is_featured = excluded.is_featured, featured_rank = excluded.featured_rank, estimated_pages = excluded.estimated_pages, is_active = excluded.is_active;
insert into public.livros (id, category_id, filter_id, title, author, summary, cover_url, cover_emoji, badge, file_size_label, external_url, pdf_url, epub_url, is_free, is_featured, featured_rank, estimated_pages, is_active) values ('a1', 'arte', null, 'A História da Arte', 'E.H. Gombrich', 'Uma jornada completa através da história da arte ocidental, desde as cavernas pré-históricas até a arte moderna.', 'https://images.unsplash.com/photo-1578662996442-48f60103fc96?w=300&h=400&fit=crop', '🎨', 'free', '5.2MB', 'https://www.gutenberg.org/ebooks/689.epub3', null, null, true, false, null, null, true) on conflict (id) do update set category_id = excluded.category_id, filter_id = excluded.filter_id, title = excluded.title, author = excluded.author, summary = excluded.summary, cover_url = excluded.cover_url, cover_emoji = excluded.cover_emoji, badge = excluded.badge, file_size_label = excluded.file_size_label, external_url = excluded.external_url, pdf_url = excluded.pdf_url, is_featured = excluded.is_featured, featured_rank = excluded.featured_rank, estimated_pages = excluded.estimated_pages, is_active = excluded.is_active;
insert into public.livros (id, category_id, filter_id, title, author, summary, cover_url, cover_emoji, badge, file_size_label, external_url, pdf_url, epub_url, is_free, is_featured, featured_rank, estimated_pages, is_active) values ('a2', 'arte', null, 'Teoria da Cultura', 'Terry Eagleton', 'Uma introdução acessível aos principais conceitos e debates sobre cultura na sociedade contemporânea.', 'https://images.unsplash.com/photo-1481627834876-b7833e8f5570?w=300&h=400&fit=crop', '🎭', 'free', '2.9MB', 'https://gutendex.com/books/2', null, null, true, false, null, null, true) on conflict (id) do update set category_id = excluded.category_id, filter_id = excluded.filter_id, title = excluded.title, author = excluded.author, summary = excluded.summary, cover_url = excluded.cover_url, cover_emoji = excluded.cover_emoji, badge = excluded.badge, file_size_label = excluded.file_size_label, external_url = excluded.external_url, pdf_url = excluded.pdf_url, is_featured = excluded.is_featured, featured_rank = excluded.featured_rank, estimated_pages = excluded.estimated_pages, is_active = excluded.is_active;
insert into public.livros (id, category_id, filter_id, title, author, summary, cover_url, cover_emoji, badge, file_size_label, external_url, pdf_url, epub_url, is_free, is_featured, featured_rank, estimated_pages, is_active) values ('a4', 'arte', (select id from public.filtros_categoria where category_id = 'arte' and label = 'Música'), 'Música e Sociedade', 'Simon Frith', 'Exploração das relações entre música, cultura e sociedade, com foco na música popular e suas implicações sociais.', 'https://images.unsplash.com/photo-1493225457124-a3eb161ffa5f?w=300&h=400&fit=crop', '🎵', 'free', '3.1MB', 'https://gutendex.com/books/3', null, null, true, false, null, null, true) on conflict (id) do update set category_id = excluded.category_id, filter_id = excluded.filter_id, title = excluded.title, author = excluded.author, summary = excluded.summary, cover_url = excluded.cover_url, cover_emoji = excluded.cover_emoji, badge = excluded.badge, file_size_label = excluded.file_size_label, external_url = excluded.external_url, pdf_url = excluded.pdf_url, is_featured = excluded.is_featured, featured_rank = excluded.featured_rank, estimated_pages = excluded.estimated_pages, is_active = excluded.is_active;
insert into public.livros (id, category_id, filter_id, title, author, summary, cover_url, cover_emoji, badge, file_size_label, external_url, pdf_url, epub_url, is_free, is_featured, featured_rank, estimated_pages, is_active) values ('a3', 'arte', (select id from public.filtros_categoria where category_id = 'arte' and label = 'Música'), 'Música e Sociedade', 'Simon Frith', 'Exploração das relações entre música, cultura e sociedade, com foco na música popular e suas implicações sociais.', 'https://images.unsplash.com/photo-1493225457124-a3eb161ffa5f?w=300&h=400&fit=crop', '🎵', 'free', '3.1MB', 'https://gutendex.com/books/3', null, null, true, false, null, null, true) on conflict (id) do update set category_id = excluded.category_id, filter_id = excluded.filter_id, title = excluded.title, author = excluded.author, summary = excluded.summary, cover_url = excluded.cover_url, cover_emoji = excluded.cover_emoji, badge = excluded.badge, file_size_label = excluded.file_size_label, external_url = excluded.external_url, pdf_url = excluded.pdf_url, is_featured = excluded.is_featured, featured_rank = excluded.featured_rank, estimated_pages = excluded.estimated_pages, is_active = excluded.is_active;
insert into public.livros (id, category_id, filter_id, title, author, summary, cover_url, cover_emoji, badge, file_size_label, external_url, pdf_url, epub_url, is_free, is_featured, featured_rank, estimated_pages, is_active) values ('r1', 'religiao', (select id from public.filtros_categoria where category_id = 'religiao' and label = 'Cristianismo'), 'A Bíblia Sagrada', 'Vários Autores', 'O livro sagrado do cristianismo, contendo o Antigo e o Novo Testamento com ensinamentos espirituais e morais.', 'https://images.unsplash.com/photo-1507003211169-0a1dd7228f2d?w=300&h=400&fit=crop', '📖', 'free', '6.2MB', 'https://www.gutenberg.org/files/30/30-h/30-h.htm', null, null, true, false, null, null, true) on conflict (id) do update set category_id = excluded.category_id, filter_id = excluded.filter_id, title = excluded.title, author = excluded.author, summary = excluded.summary, cover_url = excluded.cover_url, cover_emoji = excluded.cover_emoji, badge = excluded.badge, file_size_label = excluded.file_size_label, external_url = excluded.external_url, pdf_url = excluded.pdf_url, is_featured = excluded.is_featured, featured_rank = excluded.featured_rank, estimated_pages = excluded.estimated_pages, is_active = excluded.is_active;
insert into public.livros (id, category_id, filter_id, title, author, summary, cover_url, cover_emoji, badge, file_size_label, external_url, pdf_url, epub_url, is_free, is_featured, featured_rank, estimated_pages, is_active) values ('r2', 'religiao', (select id from public.filtros_categoria where category_id = 'religiao' and label = 'Islamismo'), 'O Alcorão', 'Maomé (tradução)', 'O livro sagrado do islamismo, contendo as revelações divinas recebidas pelo profeta Maomé.', 'https://images.unsplash.com/photo-1578662996442-48f60103fc96?w=300&h=400&fit=crop', '☪️', 'free', '4.8MB', 'https://gutendex.com/books/1', null, null, true, false, null, null, true) on conflict (id) do update set category_id = excluded.category_id, filter_id = excluded.filter_id, title = excluded.title, author = excluded.author, summary = excluded.summary, cover_url = excluded.cover_url, cover_emoji = excluded.cover_emoji, badge = excluded.badge, file_size_label = excluded.file_size_label, external_url = excluded.external_url, pdf_url = excluded.pdf_url, is_featured = excluded.is_featured, featured_rank = excluded.featured_rank, estimated_pages = excluded.estimated_pages, is_active = excluded.is_active;
insert into public.livros (id, category_id, filter_id, title, author, summary, cover_url, cover_emoji, badge, file_size_label, external_url, pdf_url, epub_url, is_free, is_featured, featured_rank, estimated_pages, is_active) values ('r3', 'religiao', (select id from public.filtros_categoria where category_id = 'religiao' and label = 'Filosofia Religiosa'), 'Filosofia da Religião', 'John Hick', 'Uma introdução filosófica aos principais conceitos religiosos, crenças e experiências espirituais.', 'https://images.unsplash.com/photo-1544197150-b99a580bb7a8?w=300&h=400&fit=crop', '🧘', 'free', '3.3MB', 'https://gutendex.com/books/2', null, null, true, false, null, null, true) on conflict (id) do update set category_id = excluded.category_id, filter_id = excluded.filter_id, title = excluded.title, author = excluded.author, summary = excluded.summary, cover_url = excluded.cover_url, cover_emoji = excluded.cover_emoji, badge = excluded.badge, file_size_label = excluded.file_size_label, external_url = excluded.external_url, pdf_url = excluded.pdf_url, is_featured = excluded.is_featured, featured_rank = excluded.featured_rank, estimated_pages = excluded.estimated_pages, is_active = excluded.is_active;
insert into public.livros (id, category_id, filter_id, title, author, summary, cover_url, cover_emoji, badge, file_size_label, external_url, pdf_url, epub_url, is_free, is_featured, featured_rank, estimated_pages, is_active) values ('f1', 'filosofia', (select id from public.filtros_categoria where category_id = 'filosofia' and label = 'Filosofia Clássica'), 'A República', 'Platão', 'Diálogo sobre justiça, política e a construção de uma sociedade ideal.', null, '🏛️', 'free', '1.5MB', null, null, null, true, false, null, null, true) on conflict (id) do update set category_id = excluded.category_id, filter_id = excluded.filter_id, title = excluded.title, author = excluded.author, summary = excluded.summary, cover_url = excluded.cover_url, cover_emoji = excluded.cover_emoji, badge = excluded.badge, file_size_label = excluded.file_size_label, external_url = excluded.external_url, pdf_url = excluded.pdf_url, is_featured = excluded.is_featured, featured_rank = excluded.featured_rank, estimated_pages = excluded.estimated_pages, is_active = excluded.is_active;
insert into public.livros (id, category_id, filter_id, title, author, summary, cover_url, cover_emoji, badge, file_size_label, external_url, pdf_url, epub_url, is_free, is_featured, featured_rank, estimated_pages, is_active) values ('f2', 'filosofia', (select id from public.filtros_categoria where category_id = 'filosofia' and label = 'Filosofia Clássica'), 'Ética a Nicômaco', 'Aristóteles', 'Reflexões sobre virtude, felicidade e o caminho para uma vida plena.', null, '⚖️', 'free', '1.2MB', null, null, null, true, false, null, null, true) on conflict (id) do update set category_id = excluded.category_id, filter_id = excluded.filter_id, title = excluded.title, author = excluded.author, summary = excluded.summary, cover_url = excluded.cover_url, cover_emoji = excluded.cover_emoji, badge = excluded.badge, file_size_label = excluded.file_size_label, external_url = excluded.external_url, pdf_url = excluded.pdf_url, is_featured = excluded.is_featured, featured_rank = excluded.featured_rank, estimated_pages = excluded.estimated_pages, is_active = excluded.is_active;
insert into public.livros (id, category_id, filter_id, title, author, summary, cover_url, cover_emoji, badge, file_size_label, external_url, pdf_url, epub_url, is_free, is_featured, featured_rank, estimated_pages, is_active) values ('f3', 'filosofia', (select id from public.filtros_categoria where category_id = 'filosofia' and label = 'Filosofia Moderna'), 'Discurso do Método', 'René Descartes', 'Fundação do pensamento moderno e da dúvida metódica como caminho para a verdade.', null, '🔍', 'free', '0.9MB', null, null, null, true, false, null, null, true) on conflict (id) do update set category_id = excluded.category_id, filter_id = excluded.filter_id, title = excluded.title, author = excluded.author, summary = excluded.summary, cover_url = excluded.cover_url, cover_emoji = excluded.cover_emoji, badge = excluded.badge, file_size_label = excluded.file_size_label, external_url = excluded.external_url, pdf_url = excluded.pdf_url, is_featured = excluded.is_featured, featured_rank = excluded.featured_rank, estimated_pages = excluded.estimated_pages, is_active = excluded.is_active;
insert into public.livros (id, category_id, filter_id, title, author, summary, cover_url, cover_emoji, badge, file_size_label, external_url, pdf_url, epub_url, is_free, is_featured, featured_rank, estimated_pages, is_active) values ('f4', 'filosofia', (select id from public.filtros_categoria where category_id = 'filosofia' and label = 'Política'), 'O Contrato Social', 'Jean-Jacques Rousseau', 'Teoria política sobre a origem da sociedade e a legitimidade do poder.', null, '🤝', 'free', '1.3MB', null, null, null, true, false, null, null, true) on conflict (id) do update set category_id = excluded.category_id, filter_id = excluded.filter_id, title = excluded.title, author = excluded.author, summary = excluded.summary, cover_url = excluded.cover_url, cover_emoji = excluded.cover_emoji, badge = excluded.badge, file_size_label = excluded.file_size_label, external_url = excluded.external_url, pdf_url = excluded.pdf_url, is_featured = excluded.is_featured, featured_rank = excluded.featured_rank, estimated_pages = excluded.estimated_pages, is_active = excluded.is_active;
commit;








